,id,classification
0,646710409920000000,pos
1,646710410616000000,neg
2,646710414135000000,pos
3,646710416383000000,pos
4,646710418002000000,pos
5,646710419731000000,pos
6,646710420247000000,pos
7,646710422121000000,pos
8,646710422377000000,pos
9,646710423732000000,pos
10,646710424453000000,pos
11,646710432393000000,pos
12,646710435564000000,neg
13,646710438852000000,pos
14,646710441159000000,pos
15,646710442891000000,pos
16,646710443793000000,pos
17,646710449061000000,neg
18,646710450735000000,pos
19,646710451196000000,pos
20,646710452245000000,neg
21,646710453415000000,pos
22,646710454715000000,neg
23,646710455781000000,pos
24,646710456955000000,pos
25,646710457173000000,pos
26,646710459082000000,neg
27,646710459664000000,pos
28,646710461804000000,pos
29,646710466363000000,pos
30,646710466895000000,pos
31,646710467441000000,pos
32,646710470691000000,pos
33,646710470956000000,neg
34,646710472742000000,pos
35,646710473405000000,pos
36,646710473732000000,pos
37,646710475544000000,pos
38,646710478224000000,pos
39,646710480426000000,neg
40,646710485510000000,pos
41,646710488274000000,neg
42,646710489243000000,pos
43,646710487884000000,neg
44,646710490342000000,pos
45,646710493622000000,pos
46,646710498982000000,pos
47,646710499125000000,neg
48,646710499066000000,pos
49,646710501045000000,pos
50,646710501704000000,pos
51,646710503269000000,pos
52,646710503298000000,pos
53,646710504124000000,neg
54,646710504200000000,neg
55,646710507677000000,pos
56,646710507404000000,neg
57,646710509388000000,pos
58,646710510537000000,pos
59,646710512848000000,pos
60,646710515784000000,neg
61,646710521484000000,neg
62,646710521925000000,pos
63,646710524039000000,neg
64,646710525884000000,neg
65,646710527520000000,pos
66,646710533027000000,pos
67,646710534784000000,pos
68,646710535191000000,pos
69,646710537624000000,pos
70,646710539784000000,neg
71,646710540262000000,neg
72,646710541202000000,pos
73,646710542108000000,pos
74,646710543526000000,neg
75,646710548995000000,pos
76,646710749705000000,neg
77,646710750128000000,neg
78,646710752590000000,pos
79,646710753283000000,pos
80,646710753866000000,pos
81,646710756990000000,neg
82,646710757678000000,neg
83,646710759071000000,neg
84,646710762900000000,pos
85,646710762330000000,pos
86,646710764267000000,neg
87,646710767925000000,pos
88,646710775294000000,neg
89,646710778759000000,neg
90,646710779329000000,pos
91,646710782752000000,pos
92,646710783746000000,pos
93,646710784618000000,neg
94,646710787114000000,neg
95,646710788444000000,pos
96,646710789073000000,pos
97,646710791359000000,neg
98,646710796488000000,pos
99,646710796404000000,neg
100,646710797730000000,pos
101,646710798166000000,pos
102,646710801714000000,pos
103,646710805556000000,pos
104,646710807725000000,pos
105,646710810610000000,pos
106,646710810547000000,neg
107,646710815321000000,neg
108,646710819263000000,neg
109,646710820937000000,pos
110,646710821138000000,neg
111,646710821801000000,neg
112,646710822694000000,neg
113,646710823831000000,neg
114,646710826662000000,pos
115,646710837521000000,neg
116,646710840625000000,pos
117,646710841317000000,pos
118,646710842667000000,pos
119,646710844081000000,pos
120,646710844714000000,pos
121,646710845352000000,pos
122,646710846845000000,pos
123,646710849643000000,neg
124,646710849621000000,pos
125,646710851576000000,pos
126,646710852465000000,neg
127,646710853120000000,pos
128,646710854084000000,pos
129,646710856005000000,pos
130,646710855448000000,neg
131,646710861462000000,pos
132,646710861210000000,pos
133,646710863568000000,pos
134,646710864633000000,neg
135,646710866470000000,pos
136,646710873500000000,pos
137,646710873936000000,pos
138,646710879271000000,neg
139,646710879372000000,pos
140,646710881091000000,neg
141,646710882085000000,pos
142,646710883344000000,pos
143,646710883776000000,pos
144,646710883520000000,neg
145,646710886548000000,pos
146,646710887068000000,pos
147,646710891418000000,pos
148,646710891653000000,pos
149,646710892869000000,neg
150,646710893737000000,pos
151,646710894882000000,pos
152,646710895553000000,pos
153,646710898922000000,neg
154,646710900159000000,neg
155,646710902445000000,pos
156,646710903351000000,neg
157,646710904479000000,pos
158,646710906450000000,pos
159,646710907520000000,pos
160,646710909336000000,pos
161,646710910615000000,neg
162,646710913538000000,pos
163,646710915007000000,pos
164,646710915082000000,neg
165,646710918005000000,pos
166,646710920556000000,pos
167,646710921248000000,pos
168,646710925383000000,neg
169,646710924997000000,pos
170,646710927640000000,neg
171,646710931146000000,pos
172,646710931872000000,pos
173,646710933499000000,pos
174,646710935718000000,neg
175,646710939833000000,pos
176,646710941988000000,pos
177,646710942425000000,neg
178,646710942639000000,pos
179,646710945780000000,pos
180,646710945726000000,pos
181,646710947353000000,pos
182,646710951405000000,pos
183,646710955603000000,pos
184,646710959571000000,pos
185,646710960196000000,pos
186,646710963765000000,pos
187,646710964311000000,pos
188,646710965401000000,pos
189,646710965934000000,pos
190,646710963933000000,pos
191,646710969524000000,pos
192,646710972313000000,pos
193,646710974645000000,pos
194,646710976654000000,neg
195,646710976902000000,neg
196,646710977783000000,pos
197,646710980563000000,pos
198,646710987266000000,pos
199,646710989355000000,neg
200,646710989460000000,pos
201,646710989694000000,neg
202,646710991649000000,pos
203,646710992714000000,pos
204,646710995441000000,pos
205,646710997026000000,neg
206,646710997743000000,pos
207,646710999815000000,pos
208,646711001585000000,pos
209,646711005469000000,neg
210,646711005847000000,pos
211,646711011878000000,pos
212,646711012017000000,pos
213,646711012302000000,neg
214,646711013753000000,pos
215,646711012671000000,pos
216,646711015565000000,pos
217,646711016618000000,neg
218,646711017549000000,pos
219,646711017910000000,pos
220,646711020896000000,neg
221,646711023761000000,pos
222,646711024725000000,pos
223,646711026202000000,pos
224,646711027238000000,pos
225,646711028324000000,pos
226,646711029398000000,pos
227,646711029175000000,pos
228,646711029834000000,pos
229,646711031008000000,pos
230,646711032736000000,pos
231,646711034494000000,pos
232,646711036104000000,pos
233,646711038206000000,pos
234,646711038948000000,neg
235,646711040508000000,pos
236,646711043457000000,neg
237,646711047437000000,pos
238,646711049505000000,pos
239,646711049501000000,pos
240,646711050030000000,neg
241,646711051753000000,pos
242,646711052748000000,neg
243,646711053620000000,pos
244,646711055541000000,pos
245,646711057567000000,pos
246,646711063573000000,pos
247,646711067306000000,neg
248,646711067310000000,neg
249,646711068048000000,pos
250,646711069332000000,pos
251,646711070875000000,pos
252,646711075279000000,neg
253,646711076609000000,pos
254,646711080682000000,pos
255,646711080371000000,neg
256,646711081483000000,neg
257,646711082464000000,pos
258,646711082858000000,pos
259,646711083412000000,neg
260,646711082598000000,pos
261,646711084976000000,neg
262,646711085081000000,neg
263,646711085945000000,pos
264,646711090186000000,pos
265,646711090811000000,neg
266,646711100042000000,pos
267,646711102660000000,neg
268,646711107315000000,neg
269,646711107403000000,pos
270,646711109010000000,neg
271,646711109559000000,pos
272,646711110000000000,neg
273,646711110340000000,pos
274,646711110910000000,pos
275,646711112214000000,pos
276,646711113196000000,pos
277,646711113875000000,neg
278,646711113867000000,neg
279,646711114244000000,neg
280,646711118036000000,neg
281,646711119546000000,pos
282,646711120980000000,pos
283,646711121027000000,pos
284,646711120720000000,neg
285,646711121081000000,pos
286,646711121719000000,neg
287,646711121903000000,pos
288,646711124525000000,neg
289,646711127838000000,pos
290,646711130162000000,pos
291,646711131147000000,pos
292,646711131705000000,pos
293,646711135145000000,pos
294,646711137560000000,pos
295,646711138815000000,pos
296,646711139393000000,neg
297,646711149024000000,neg
298,646711150366000000,neg
299,646711150819000000,pos
300,646711156112000000,pos
301,646711157186000000,pos
302,646711158196000000,neg
303,646711159430000000,neg
304,646711163670000000,neg
305,646711169672000000,pos
306,646711171824000000,neg
307,646711172122000000,pos
308,646711173598000000,pos
309,646711174865000000,pos
310,646711176471000000,pos
311,646711178099000000,pos
312,646711178975000000,neg
313,646711176840000000,pos
314,646711179973000000,pos
315,646711180212000000,neg
316,646711180674000000,pos
317,646711183337000000,neg
318,646711185028000000,pos
319,646711186445000000,pos
320,646711188425000000,pos
321,646711189889000000,neg
322,646711190245000000,pos
323,646711191864000000,pos
324,646711197170000000,neg
325,646711198651000000,pos
326,646711200672000000,neg
327,646711201343000000,pos
328,646711202505000000,neg
329,646711212731000000,neg
330,646711213062000000,neg
331,646711214832000000,pos
332,646711216350000000,pos
333,646711219442000000,neg
334,646711223993000000,pos
335,646711226027000000,neg
336,646711227398000000,neg
337,646711230208000000,pos
338,646711233849000000,pos
339,646711233669000000,neg
340,646711237838000000,pos
341,646711237527000000,pos
342,646711240283000000,pos
343,646711241235000000,neg
344,646711244318000000,neg
345,646711245556000000,neg
346,646711245924000000,pos
347,646711255764000000,pos
348,646711256289000000,pos
349,646711257174000000,neg
350,646711257258000000,neg
351,646711258705000000,pos
352,646711259506000000,pos
353,646711260105000000,pos
354,646711266045000000,neg
355,646711269618000000,neg
356,646711275356000000,pos
357,646711275515000000,neg
358,646711275331000000,pos
359,646711277466000000,pos
360,646711279169000000,pos
361,646711279580000000,neg
362,646711280460000000,pos
363,646711282759000000,neg
364,646711283052000000,pos
365,646711284361000000,pos
366,646711285779000000,pos
367,646711286819000000,pos
368,646711288442000000,pos
369,646711289537000000,pos
370,646711292481000000,pos
371,646711292712000000,pos
372,646711294406000000,pos
373,646711294654000000,pos
374,646711295086000000,pos
375,646711295258000000,neg
376,646711296197000000,neg
377,646711301663000000,neg
378,646711304674000000,neg
379,646711305572000000,pos
380,646711307073000000,neg
381,646711310097000000,pos
382,646711311943000000,pos
383,646711312534000000,pos
384,646711314439000000,pos
385,646711319237000000,pos
386,646711319887000000,pos
387,646711320608000000,pos
388,646711324421000000,pos
389,646711323691000000,neg
390,646711325797000000,pos
391,646711327609000000,pos
392,646711329656000000,pos
393,646711330117000000,neg
394,646711330247000000,pos
395,646711330897000000,neg
396,646711333099000000,neg
397,646711333342000000,pos
398,646711334009000000,neg
399,646711334286000000,neg
400,646711336400000000,pos
401,646711336480000000,neg
402,646711337172000000,pos
403,646711337159000000,neg
404,646711338803000000,pos
405,646711339814000000,pos
406,646711340800000000,neg
407,646711340493000000,neg
408,646711341060000000,pos
409,646711344021000000,pos
410,646711345929000000,neg
411,646711346571000000,pos
412,646711347620000000,neg
413,646711351915000000,neg
414,646711353035000000,neg
415,646711356541000000,pos
416,646711358030000000,pos
417,646711359389000000,neg
418,646711360438000000,neg
419,646711360702000000,neg
420,646711361222000000,pos
421,646711362405000000,pos
422,646711365152000000,pos
423,646711365164000000,pos
424,646711367572000000,pos
425,646711368293000000,neg
426,646711370164000000,neg
427,646711372228000000,pos
428,646711376930000000,pos
429,646711378083000000,pos
430,646711378750000000,neg
431,646711380625000000,pos
432,646711380264000000,pos
433,646711382013000000,neg
434,646711384303000000,neg
435,646711386472000000,pos
436,646711387419000000,pos
437,646711387499000000,pos
438,646711388418000000,neg
439,646711388439000000,pos
440,646711391203000000,neg
441,646711392721000000,neg
442,646711392826000000,neg
443,646711398706000000,pos
444,646711403182000000,pos
445,646711403379000000,pos
446,646711405526000000,neg
447,646711408416000000,pos
448,646711410996000000,neg
449,646711413252000000,pos
450,646711413680000000,pos
451,646711415131000000,neg
452,646711415634000000,neg
453,646711416205000000,pos
454,646711420856000000,neg
455,646711421242000000,neg
456,646711423646000000,neg
457,646711423855000000,pos
458,646711429195000000,neg
459,646711436384000000,pos
460,646711439408000000,pos
461,646711442629000000,neg
462,646711448648000000,pos
463,646711450120000000,pos
464,646711450506000000,neg
465,646711453190000000,pos
466,646711463357000000,neg
467,646711465966000000,neg
468,646711467333000000,neg
469,646711474535000000,neg
470,646711475773000000,neg
471,646711476456000000,neg
472,646711482068000000,pos
473,646711482550000000,neg
474,646711484669000000,neg
475,646711485763000000,pos
476,646711486988000000,neg
477,646711495091000000,pos
478,646711498690000000,neg
479,646711509063000000,pos
480,646711510996000000,pos
481,646711517338000000,pos
482,646711518311000000,neg
483,646711520610000000,pos
484,646711521985000000,pos
485,646711523822000000,neg
486,646711524959000000,pos
487,646711528302000000,neg
488,646711528671000000,neg
489,646711531775000000,pos
490,646711536460000000,pos
491,646711547625000000,neg
492,646711549689000000,pos
493,646711551488000000,neg
494,646711565661000000,neg
495,646711575719000000,pos
496,646711587165000000,neg
497,646711590336000000,pos
498,646711593704000000,pos
499,646711596162000000,neg
500,646711596908000000,neg
501,646711598229000000,pos
502,646711604772000000,neg
503,646711608765000000,neg
504,646711610364000000,pos
505,646711612041000000,neg
506,646711614776000000,neg
507,646711616399000000,pos
508,646711616969000000,neg
509,646711625337000000,pos
510,646711627480000000,neg
511,646711630005000000,pos
512,646711643545000000,pos
513,646711644962000000,pos
514,646711650553000000,pos
515,646711652256000000,neg
516,646711653242000000,pos
517,646711653338000000,neg
518,646711654269000000,pos
519,646711654764000000,pos
520,646711655272000000,neg
521,646711656870000000,pos
522,646711656786000000,pos
523,646711657147000000,neg
524,646711658879000000,pos
525,646711659076000000,pos
526,646711661039000000,pos
527,646711661324000000,pos
528,646711661802000000,pos
529,646711662448000000,neg
530,646711671432000000,pos
531,646711672536000000,pos
532,646711676650000000,pos
533,646711678106000000,pos
534,646711678383000000,pos
535,646711681662000000,pos
536,646711684087000000,neg
537,646711689548000000,neg
538,646711696200000000,neg
539,646711698721000000,pos
540,646711700105000000,pos
541,646711701816000000,pos
542,646711705700000000,pos
543,646711706266000000,pos
544,646711712616000000,pos
545,646711723585000000,neg
546,646711726025000000,pos
547,646711730170000000,pos
548,646711732888000000,pos
549,646711734787000000,pos
550,646711740315000000,pos
551,646711740815000000,neg
552,646711741951000000,pos
553,646711743751000000,pos
554,646711747119000000,neg
555,646711747681000000,pos
556,646711749832000000,neg
557,646711751523000000,pos
558,646711752483000000,pos
559,646711757575000000,neg
560,646711759274000000,pos
561,646711762050000000,pos
562,646711762893000000,pos
563,646711763904000000,pos
564,646711764156000000,pos
565,646711766434000000,neg
566,646711768464000000,pos
567,646711768447000000,pos
568,646711770900000000,pos
569,646711772444000000,neg
570,646711779767000000,pos
571,646711780971000000,neg
572,646711781781000000,neg
573,646711783399000000,pos
574,646711783878000000,pos
575,646711786474000000,neg
576,646711786348000000,neg
577,646711790614000000,pos
578,646711791377000000,pos
579,646711794334000000,pos
580,646711799137000000,neg
581,646711798956000000,neg
582,646711799476000000,pos
583,646711800370000000,neg
584,646711800261000000,pos
585,646711800609000000,pos
586,646711805843000000,neg
587,646711809685000000,pos
588,646711810662000000,pos
589,646711812298000000,pos
590,646711813473000000,neg
591,646711817071000000,pos
592,646711818673000000,pos
593,646711819504000000,pos
594,646711819626000000,pos
595,646711825280000000,pos
596,646711825624000000,neg
597,646711827150000000,neg
598,646711828149000000,neg
599,646711832339000000,pos
600,646711833396000000,pos
601,646711835329000000,pos
602,646711836864000000,pos
603,646711837275000000,pos
604,646711837753000000,pos
605,646711837854000000,neg
606,646711837925000000,pos
607,646711838332000000,pos
608,646711838580000000,pos
609,646711840555000000,pos
610,646711840702000000,pos
611,646711841432000000,pos
612,646711842107000000,neg
613,646711846255000000,neg
614,646711846645000000,pos
615,646711845928000000,neg
616,646711847514000000,pos
617,646711849271000000,neg
618,646711849531000000,pos
619,646711850479000000,neg
620,646711853621000000,pos
621,646711854770000000,pos
622,646711857123000000,neg
623,646711857483000000,pos
624,646711862018000000,neg
625,646711863796000000,pos
626,646711864643000000,pos
627,646711866275000000,neg
628,646711866296000000,pos
629,646711868003000000,neg
630,646711868238000000,neg
631,646711870196000000,pos
632,646711871165000000,neg
633,646711871148000000,pos
634,646711872155000000,pos
635,646711871534000000,neg
636,646711873174000000,pos
637,646711873208000000,pos
638,646711874546000000,pos
639,646711874495000000,pos
640,646711874542000000,pos
641,646711874756000000,pos
642,646711875762000000,pos
643,646711875087000000,pos
644,646711875989000000,pos
645,646711876265000000,pos
646,646711876211000000,pos
647,646711877113000000,pos
648,646711877096000000,pos
649,646711877293000000,pos
650,646711876282000000,neg
651,646711877960000000,pos
652,646711877918000000,pos
653,646711878493000000,pos
654,646711878430000000,pos
655,646711878413000000,pos
656,646711878719000000,pos
657,646711878916000000,pos
658,646711878967000000,pos
659,646711879084000000,pos
660,646711879050000000,pos
661,646711879499000000,pos
662,646711879852000000,pos
663,646711879956000000,pos
664,646711880032000000,pos
665,646711880154000000,pos
666,646711880057000000,pos
667,646711880426000000,pos
668,646711880556000000,pos
669,646711880506000000,pos
670,646711881034000000,pos
671,646711881391000000,pos
672,646711881420000000,pos
673,646711881450000000,pos
674,646711881534000000,pos
675,646711882591000000,pos
676,646711885078000000,pos
677,646711886017000000,pos
678,646711886453000000,pos
679,646711886919000000,neg
680,646711886906000000,pos
681,646711887439000000,pos
682,646711887468000000,pos
683,646711887578000000,pos
684,646711887808000000,pos
685,646711887716000000,pos
686,646711888223000000,pos
687,646711888966000000,pos
688,646711888962000000,pos
689,646711889499000000,pos
690,646711889616000000,pos
691,646711889595000000,pos
692,646711889536000000,pos
693,646711889708000000,pos
694,646711889666000000,pos
695,646711889750000000,pos
696,646711889746000000,pos
697,646711889838000000,pos
698,646711890069000000,pos
699,646711890484000000,pos
700,646711890547000000,pos
701,646711890543000000,pos
702,646711890686000000,pos
703,646711890929000000,pos
704,646711891013000000,pos
705,646711891008000000,pos
706,646711890908000000,pos
707,646711891025000000,pos
708,646711890992000000,pos
709,646711891403000000,pos
710,646711891382000000,pos
711,646711891784000000,pos
712,646711891726000000,pos
713,646711892137000000,pos
714,646711892120000000,pos
715,646711892317000000,pos
716,646711892242000000,pos
717,646711892686000000,pos
718,646711892934000000,pos
719,646711892921000000,pos
720,646711892992000000,pos
721,646711893085000000,pos
722,646711893819000000,pos
723,646711893928000000,pos
724,646711894142000000,pos
725,646711894473000000,pos
726,646711894611000000,pos
727,646711895572000000,pos
728,646711895626000000,pos
729,646711895815000000,pos
730,646711896146000000,pos
731,646711896516000000,pos
732,646711897652000000,pos
733,646711898499000000,pos
734,646711899175000000,pos
735,646711899229000000,pos
736,646711899187000000,pos
737,646711899351000000,pos
738,646711899703000000,pos
739,646711899980000000,pos
740,646711900265000000,pos
741,646711900454000000,pos
742,646711900639000000,pos
743,646711900525000000,pos
744,646711900727000000,pos
745,646711901465000000,pos
746,646711901360000000,pos
747,646711901368000000,pos
748,646711901419000000,pos
749,646711901876000000,pos
750,646711902023000000,pos
751,646711902174000000,pos
752,646711902090000000,pos
753,646711902065000000,pos
754,646711902404000000,pos
755,646711902585000000,pos
756,646711902631000000,pos
757,646711902149000000,pos
758,646711902983000000,pos
759,646711903071000000,pos
760,646711903147000000,pos
761,646711903688000000,pos
762,646711903608000000,pos
763,646711903738000000,pos
764,646711903839000000,pos
765,646711903654000000,pos
766,646711903935000000,pos
767,646711904183000000,neg
768,646711905517000000,pos
769,646711906624000000,neg
770,646711908004000000,neg
771,646711908612000000,pos
772,646711909308000000,pos
773,646711910470000000,pos
774,646711911175000000,pos
775,646711912056000000,neg
776,646711920499000000,pos
777,646711921447000000,pos
778,646711922600000000,pos
779,646711923946000000,pos
780,646711924739000000,pos
781,646711928107000000,neg
782,646711930007000000,neg
783,646711932465000000,pos
784,646711932910000000,pos
785,646711938484000000,pos
786,646711939176000000,pos
787,646711941877000000,pos
788,646711961418000000,neg
789,646711968532000000,neg
790,646711971527000000,pos
791,646711972739000000,neg
792,646711981379000000,neg
793,646711981899000000,neg
794,646711988518000000,pos
795,646711990384000000,pos
796,646711991588000000,pos
797,646711993236000000,pos
798,646711992385000000,pos
799,646711995069000000,neg
800,646711995287000000,neg
801,646711997254000000,neg
802,646711999679000000,neg
803,646712001738000000,neg
804,646712003441000000,pos
805,646712004515000000,neg
806,646712004993000000,neg
807,646712007879000000,neg
808,646712013541000000,neg
809,646712016380000000,pos
810,646712017123000000,neg
811,646712026401000000,pos
812,646712028267000000,pos
813,646712030679000000,pos
814,646712031337000000,pos
815,646712031514000000,pos
816,646712035716000000,pos
817,646712037822000000,pos
818,646712038321000000,neg
819,646712043530000000,neg
820,646712044789000000,neg
821,646712047754000000,neg
822,646712047708000000,neg
823,646712052640000000,neg
824,646712053626000000,pos
825,646712053819000000,neg
826,646712053500000000,neg
827,646712055375000000,neg
828,646712056793000000,neg
829,646712065454000000,pos
830,646712067832000000,neg
831,646712070562000000,pos
832,646712073360000000,pos
833,646712082583000000,neg
834,646712085167000000,pos
835,646712085817000000,pos
836,646712088216000000,neg
837,646712092159000000,pos
838,646712093006000000,neg
839,646712093422000000,neg
840,646712095506000000,pos
841,646712096169000000,neg
842,646712097490000000,neg
843,646712103190000000,neg
844,646712121431000000,pos
845,646712123557000000,pos
846,646712125122000000,pos
847,646712126649000000,pos
848,646712129220000000,pos
849,646712128792000000,pos
850,646712133653000000,pos
851,646712136451000000,neg
852,646712136551000000,pos
853,646712138850000000,neg
854,646712139894000000,pos
855,646712141522000000,pos
856,646712143120000000,pos
857,646712143896000000,neg
858,646712145238000000,pos
859,646712146878000000,pos
860,646712147520000000,neg
861,646712147939000000,pos
862,646712148820000000,pos
863,646712148748000000,pos
864,646712149608000000,neg
865,646712149424000000,pos
866,646712151143000000,pos
867,646712153647000000,pos
868,646712153975000000,pos
869,646712155904000000,neg
870,646712156529000000,pos
871,646712156437000000,pos
872,646712156554000000,pos
873,646712158500000000,pos
874,646712161206000000,pos
875,646712163286000000,pos
876,646712163005000000,pos
877,646712163886000000,pos
878,646712164502000000,neg
879,646712164590000000,pos
880,646712165769000000,neg
881,646712165660000000,neg
882,646712166008000000,neg
883,646712167417000000,pos
884,646712168877000000,pos
885,646712172719000000,neg
886,646712178742000000,pos
887,646712179346000000,neg
888,646712180436000000,pos
889,646712181737000000,pos
890,646712183008000000,neg
891,646712184169000000,pos
892,646712185294000000,pos
893,646712187269000000,neg
894,646712188687000000,pos
895,646712189266000000,pos
896,646712189077000000,neg
897,646712191266000000,neg
898,646712191384000000,neg
899,646712191295000000,neg
900,646712191346000000,neg
901,646712192999000000,neg
902,646712196564000000,neg
903,646712197037000000,pos
904,646712197751000000,neg
905,646712197952000000,pos
906,646712203631000000,neg
907,646712204139000000,pos
908,646712211088000000,pos
909,646712212829000000,pos
910,646712215702000000,neg
911,646712217267000000,neg
912,646712227107000000,pos
913,646712227450000000,neg
914,646712230856000000,neg
915,646712232710000000,neg
916,646712233616000000,pos
917,646712234870000000,pos
918,646712235239000000,neg
919,646712236338000000,neg
920,646712240159000000,pos
921,646712242227000000,pos
922,646712242822000000,neg
923,646712246421000000,pos
924,646712246803000000,neg
925,646712248871000000,neg
926,646712248980000000,pos
927,646712254936000000,neg
928,646712255963000000,pos
929,646712268139000000,pos
930,646712268622000000,neg
931,646712269582000000,pos
932,646712270073000000,pos
933,646712271776000000,pos
934,646712272581000000,neg
935,646712272749000000,pos
936,646712277031000000,pos
937,646712278269000000,pos
938,646712279871000000,pos
939,646712288293000000,pos
940,646712289719000000,pos
941,646712290499000000,pos
942,646712290864000000,pos
943,646712305192000000,neg
944,646712308262000000,neg
945,646712310586000000,pos
946,646712310942000000,pos
947,646712313463000000,pos
948,646712315837000000,neg
949,646712325656000000,neg
950,646712327527000000,pos
951,646712327627000000,pos
952,646712331738000000,neg
953,646712334762000000,neg
954,646712336398000000,neg
955,646712339636000000,pos
956,646712343658000000,pos
957,646712347726000000,pos
958,646712349324000000,neg
959,646712351409000000,pos
960,646712354710000000,neg
961,646712356279000000,pos
962,646712356924000000,pos
963,646712357197000000,pos
964,646712368643000000,pos
965,646712374150000000,pos
966,646712375987000000,pos
967,646712378982000000,pos
968,646712379188000000,pos
969,646712382019000000,pos
970,646712383718000000,pos
971,646712383718000000,pos
972,646712384212000000,pos
973,646712385400000000,pos
974,646712387992000000,pos
975,646712392576000000,pos
976,646712394409000000,neg
977,646712394384000000,neg
978,646712395097000000,neg
979,646712395403000000,pos
980,646712395407000000,neg
981,646712395856000000,neg
982,646712396300000000,neg
983,646712396451000000,neg
984,646712396351000000,neg
985,646712396498000000,neg
986,646712397169000000,neg
987,646712397332000000,neg
988,646712397596000000,pos
989,646712397861000000,pos
990,646712398012000000,neg
991,646712398578000000,neg
992,646712398737000000,neg
993,646712400990000000,pos
994,646712401325000000,neg
995,646712401783000000,neg
996,646712402214000000,pos
997,646712403490000000,pos
998,646712406845000000,neg
999,646712407147000000,neg
1000,646712411756000000,neg
1001,646712411920000000,pos
1002,646712415376000000,neg
1003,646712417582000000,pos
1004,646712425757000000,neg
1005,646712429331000000,neg
1006,646712429561000000,pos
1007,646712431075000000,neg
1008,646712438705000000,neg
1009,646712440001000000,neg
1010,646712440169000000,neg
1011,646712442559000000,neg
1012,646712443197000000,neg
1013,646712445080000000,neg
1014,646712451393000000,pos
1015,646712459060000000,pos
1016,646712466845000000,neg
1017,646712469009000000,neg
1018,646712470406000000,pos
1019,646712474738000000,pos
1020,646712479486000000,neg
1021,646712480870000000,pos
1022,646712483781000000,pos
1023,646712488881000000,pos
1024,646712492203000000,pos
1025,646712495835000000,pos
1026,646712498264000000,pos
1027,646712501624000000,pos
1028,646712503515000000,pos
1029,646712504073000000,pos
1030,646712505109000000,pos
1031,646712505717000000,pos
1032,646712508024000000,neg
1033,646712509522000000,neg
1034,646712511795000000,pos
1035,646712512114000000,neg
1036,646712515637000000,pos
1037,646712516912000000,neg
1038,646712517264000000,neg
1039,646712519345000000,neg
1040,646712519751000000,pos
1041,646712519798000000,neg
1042,646712520330000000,pos
1043,646712520716000000,neg
1044,646712521324000000,pos
1045,646712521907000000,pos
1046,646712522180000000,neg
1047,646712522432000000,neg
1048,646712524772000000,neg
1049,646712527029000000,neg
1050,646712527691000000,neg
1051,646712529784000000,pos
1052,646712530657000000,neg
1053,646712532137000000,neg
1054,646712532741000000,pos
1055,646712536441000000,neg
1056,646712536667000000,pos
1057,646712538953000000,neg
1058,646712540711000000,neg
1059,646712540429000000,neg
1060,646712544766000000,pos
1061,646712545580000000,pos
1062,646712559467000000,pos
1063,646712559602000000,pos
1064,646712560298000000,neg
1065,646712560965000000,neg
1066,646712561405000000,pos
1067,646712564039000000,pos
1068,646712565771000000,pos
1069,646712567915000000,neg
1070,646712565654000000,neg
1071,646712569362000000,neg
1072,646712573560000000,pos
1073,646712574932000000,neg
1074,646712575259000000,neg
1075,646712576740000000,neg
1076,646712577037000000,pos
1077,646712581899000000,pos
1078,646712582326000000,pos
1079,646712583421000000,pos
1080,646712584109000000,neg
1081,646712586030000000,pos
1082,646712587162000000,neg
1083,646712590069000000,neg
1084,646712592594000000,neg
1085,646712593865000000,neg
1086,646712594398000000,pos
1087,646712595819000000,pos
1088,646712597023000000,pos
1089,646712598365000000,pos
1090,646712599993000000,pos
1091,646712600941000000,neg
1092,646712604120000000,pos
1093,646712603889000000,pos
1094,646712605089000000,pos
1095,646712615201000000,neg
1096,646712616489000000,neg
1097,646712618963000000,neg
1098,646712621640000000,neg
1099,646712622076000000,pos
1100,646712626870000000,neg
1101,646712632926000000,pos
1102,646712632876000000,neg
1103,646712633790000000,pos
1104,646712639302000000,pos
1105,646712641189000000,pos
1106,646712641659000000,pos
1107,646712641797000000,pos
1108,646712641835000000,neg
1109,646712642259000000,neg
1110,646712642980000000,neg
1111,646712644054000000,pos
1112,646712644230000000,pos
1113,646712645031000000,pos
1114,646712648546000000,neg
1115,646712649985000000,neg
1116,646712654296000000,neg
1117,646712657140000000,pos
1118,646712661901000000,neg
1119,646712662735000000,pos
1120,646712664782000000,pos
1121,646712667014000000,neg
1122,646712666934000000,pos
1123,646712667316000000,neg
1124,646712674257000000,neg
1125,646712675138000000,pos
1126,646712675549000000,pos
1127,646712675696000000,neg
1128,646712678439000000,pos
1129,646712680964000000,neg
1130,646712681551000000,pos
1131,646712683845000000,pos
1132,646712685011000000,neg
1133,646712687549000000,neg
1134,646712691764000000,neg
1135,646712694998000000,pos
1136,646712702023000000,pos
1137,646712702250000000,pos
1138,646712702468000000,pos
1139,646712717878000000,pos
1140,646712726346000000,neg
1141,646712728129000000,pos
1142,646712730171000000,pos
1143,646712730415000000,neg
1144,646712733619000000,pos
1145,646712739378000000,neg
1146,646712741685000000,pos
1147,646712746680000000,pos
1148,646712747204000000,neg
1149,646712747708000000,neg
1150,646712749268000000,neg
1151,646712752749000000,neg
1152,646712753865000000,neg
1153,646712757925000000,pos
1154,646712765689000000,neg
1155,646712767090000000,neg
1156,646712769208000000,neg
1157,646712770177000000,pos
1158,646712773180000000,pos
1159,646712773742000000,neg
1160,646712774937000000,neg
1161,646712775562000000,neg
1162,646712778221000000,neg
1163,646712778968000000,neg
1164,646712778922000000,neg
1165,646712778951000000,pos
1166,646712781753000000,pos
1167,646712784030000000,neg
1168,646712784454000000,pos
1169,646712785784000000,neg
1170,646712787495000000,neg
1171,646712791383000000,pos
1172,646712793937000000,neg
1173,646712797884000000,pos
1174,646712799985000000,pos
1175,646712800166000000,neg
1176,646712800115000000,pos
1177,646712806147000000,neg
1178,646712810270000000,pos
1179,646712816650000000,pos
1180,646712817048000000,pos
1181,646712818420000000,neg
1182,646712820340000000,pos
1183,646712821041000000,neg
1184,646712821502000000,neg
1185,646712822781000000,neg
1186,646712823218000000,pos
1187,646712825319000000,pos
1188,646712826724000000,pos
1189,646712830403000000,pos
1190,646712831418000000,neg
1191,646712835943000000,neg
1192,646712836791000000,pos
1193,646712843489000000,pos
1194,646712846572000000,neg
1195,646712853547000000,neg
1196,646712853798000000,neg
1197,646712853924000000,neg
1198,646712855334000000,neg
1199,646712855808000000,pos
1200,646712857997000000,neg
1201,646712858383000000,pos
1202,646712860497000000,pos
1203,646712861155000000,neg
1204,646712863508000000,pos
1205,646712869166000000,pos
1206,646712875311000000,pos
1207,646712882068000000,pos
1208,646712881972000000,neg
1209,646712885524000000,neg
1210,646712886896000000,pos
1211,646712888011000000,pos
1212,646712888376000000,pos
1213,646712889395000000,neg
1214,646712890884000000,neg
1215,646712893162000000,neg
1216,646712896543000000,neg
1217,646712900347000000,neg
1218,646712903702000000,pos
1219,646712905049000000,pos
1220,646712908308000000,pos
1221,646712908677000000,pos
1222,646712919083000000,neg
1223,646712919557000000,neg
1224,646712920404000000,neg
1225,646712925496000000,pos
1226,646712932589000000,pos
1227,646712932626000000,neg
1228,646712943947000000,pos
1229,646712947466000000,pos
1230,646712949072000000,pos
1231,646712950012000000,pos
1232,646712951060000000,pos
1233,646712955615000000,pos
1234,646712957377000000,pos
1235,646712957687000000,pos
1236,646712960548000000,neg
1237,646712968416000000,neg
1238,646712970937000000,pos
1239,646712983570000000,pos
1240,646712983243000000,pos
1241,646712985231000000,pos
1242,646712986645000000,pos
1243,646712987081000000,pos
1244,646712988612000000,pos
1245,646712989069000000,pos
1246,646712989715000000,neg
1247,646712990331000000,neg
1248,646712991980000000,pos
1249,646712999055000000,pos
1250,646713001870000000,pos
1251,646713002226000000,pos
1252,646713005385000000,neg
1253,646713009743000000,neg
1254,646713012721000000,pos
1255,646713017573000000,neg
1256,646713024486000000,neg
1257,646713025270000000,pos
1258,646713026558000000,pos
1259,646713026658000000,pos
1260,646713028151000000,pos
1261,646713029020000000,neg
1262,646713032417000000,pos
1263,646713033596000000,pos
1264,646713034472000000,pos
1265,646713034921000000,pos
1266,646713035466000000,pos
1267,646713035949000000,pos
1268,646713036565000000,pos
1269,646713036976000000,pos
1270,646713037752000000,pos
1271,646713037689000000,pos
1272,646713038927000000,pos
1273,646713040386000000,neg
1274,646713042169000000,neg
1275,646713042022000000,pos
1276,646713042311000000,neg
1277,646713041238000000,neg
1278,646713044731000000,pos
1279,646713050109000000,pos
1280,646713050230000000,pos
1281,646713051346000000,neg
1282,646713052155000000,pos
1283,646713052768000000,neg
1284,646713055972000000,neg
1285,646713061328000000,pos
1286,646713065153000000,pos
1287,646713070845000000,pos
1288,646713077246000000,neg
1289,646713079158000000,neg
1290,646713082862000000,pos
1291,646713084271000000,pos
1292,646713094195000000,pos
1293,646713101078000000,pos
1294,646713105066000000,neg
1295,646713105616000000,pos
1296,646713109848000000,pos
1297,646713110771000000,neg
1298,646713112918000000,pos
1299,646713113598000000,neg
1300,646713115049000000,pos
1301,646713118836000000,pos
1302,646713119738000000,neg
1303,646713120581000000,neg
1304,646713122037000000,pos
1305,646713122339000000,pos
1306,646713122850000000,pos
1307,646713124973000000,pos
1308,646713125451000000,pos
1309,646713126189000000,pos
1310,646713128844000000,pos
1311,646713128802000000,pos
1312,646713132363000000,pos
1313,646713133739000000,neg
1314,646713134192000000,neg
1315,646713137388000000,pos
1316,646713138239000000,pos
1317,646713140798000000,pos
1318,646713145676000000,pos
1319,646713149425000000,pos
1320,646713150294000000,pos
1321,646713150399000000,pos
1322,646713151779000000,pos
1323,646713152747000000,neg
1324,646713152798000000,pos
1325,646713154467000000,pos
1326,646713156476000000,pos
1327,646713157172000000,pos
1328,646713157852000000,pos
1329,646713159995000000,pos
1330,646713160616000000,neg
1331,646713161413000000,pos
1332,646713167797000000,pos
1333,646713168417000000,pos
1334,646713167100000000,neg
1335,646713168577000000,pos
1336,646713169156000000,neg
1337,646713167948000000,pos
1338,646713171144000000,pos
1339,646713171513000000,pos
1340,646713171571000000,pos
1341,646713173237000000,pos
1342,646713176412000000,pos
1343,646713176449000000,neg
1344,646713177918000000,pos
1345,646713180912000000,pos
1346,646713189905000000,pos
1347,646713189116000000,pos
1348,646713192296000000,pos
1349,646713194296000000,neg
1350,646713193395000000,neg
1351,646713200701000000,pos
1352,646713202374000000,pos
1353,646713204094000000,pos
1354,646713205814000000,pos
1355,646713206258000000,neg
1356,646713207361000000,pos
1357,646713210071000000,pos
1358,646713211149000000,pos
1359,646713213137000000,pos
1360,646713218334000000,pos
1361,646713219609000000,pos
1362,646713220184000000,pos
1363,646713220158000000,pos
1364,646713218954000000,neg
1365,646713223463000000,neg
1366,646713224944000000,neg
1367,646713225145000000,pos
1368,646713226945000000,neg
1369,646713227360000000,pos
1370,646713228010000000,neg
1371,646713229277000000,pos
1372,646713230309000000,pos
1373,646713230652000000,pos
1374,646713232343000000,neg
1375,646713233001000000,pos
1376,646713234968000000,pos
1377,646713239825000000,pos
1378,646713243231000000,pos
1379,646713249384000000,neg
1380,646713252320000000,pos
1381,646713252937000000,pos
1382,646713255093000000,neg
1383,646713255848000000,pos
1384,646713255697000000,pos
1385,646713259409000000,pos
1386,646713263347000000,pos
1387,646713266568000000,pos
1388,646713267944000000,pos
1389,646713270989000000,neg
1390,646713270746000000,pos
1391,646713271199000000,neg
1392,646713271287000000,neg
1393,646713271610000000,neg
1394,646713274051000000,pos
1395,646713286944000000,neg
1396,646713287808000000,pos
1397,646713288765000000,pos
1398,646713296918000000,neg
1399,646713301083000000,neg
1400,646713304959000000,neg
1401,646713306221000000,neg
1402,646713313972000000,pos
1403,646713314224000000,neg
1404,646713314786000000,neg
1405,646713316619000000,pos
1406,646713316552000000,pos
1407,646713320427000000,neg
1408,646713321749000000,pos
1409,646713324613000000,neg
1410,646713324525000000,neg
1411,646713325372000000,pos
1412,646713324412000000,neg
1413,646713326866000000,neg
1414,646713329307000000,neg
1415,646713329743000000,pos
1416,646713329936000000,neg
1417,646713333447000000,neg
1418,646713333513000000,pos
1419,646713340191000000,neg
1420,646713340401000000,neg
1421,646713342410000000,pos
1422,646713344188000000,pos
1423,646713356637000000,neg
1424,646713356985000000,neg
1425,646713364543000000,pos
1426,646713370608000000,pos
1427,646713373506000000,pos
1428,646713376891000000,pos
1429,646713378598000000,neg
1430,646713378892000000,pos
1431,646713381123000000,pos
1432,646713381140000000,neg
1433,646713385703000000,neg
1434,646713390883000000,pos
1435,646713391722000000,pos
1436,646713394247000000,neg
1437,646713396621000000,neg
1438,646713401889000000,pos
1439,646713403336000000,pos
1440,646713406016000000,neg
1441,646713408340000000,pos
1442,646713410320000000,neg
1443,646713413382000000,neg
1444,646713414778000000,pos
1445,646713414401000000,pos
1446,646713417467000000,neg
1447,646713418775000000,pos
1448,646713419337000000,pos
1449,646713421850000000,neg
1450,646713429219000000,pos
1451,646713428833000000,neg
1452,646713431958000000,pos
1453,646713432969000000,neg
1454,646713433812000000,pos
1455,646713434215000000,neg
1456,646713434173000000,pos
1457,646713442184000000,neg
1458,646713444759000000,neg
1459,646713445011000000,neg
1460,646713446911000000,neg
1461,646713448425000000,pos
1462,646713448551000000,neg
1463,646713450233000000,neg
1464,646713450908000000,pos
1465,646713451155000000,pos
1466,646713451860000000,neg
1467,646713454003000000,pos
1468,646713454679000000,pos
1469,646713455182000000,neg
1470,646713456453000000,pos
1471,646713458022000000,pos
1472,646713461914000000,neg
1473,646713468293000000,pos
1474,646713470332000000,neg
1475,646713471728000000,pos
1476,646713472785000000,neg
1477,646713479542000000,pos
1478,646713479878000000,pos
1479,646713481220000000,neg
1480,646713481631000000,neg
1481,646713484722000000,neg
1482,646713485352000000,pos
1483,646713496047000000,pos
1484,646713496273000000,pos
1485,646713501571000000,neg
1486,646713505765000000,neg
1487,646713507590000000,pos
1488,646713511021000000,pos
1489,646713515211000000,pos
1490,646713515345000000,pos
1491,646713519585000000,pos
1492,646713523713000000,neg
1493,646713527664000000,neg
1494,646713529132000000,pos
1495,646713535021000000,neg
1496,646713542319000000,pos
1497,646713543065000000,neg
1498,646713544219000000,pos
1499,646713547394000000,pos
1500,646713553819000000,pos
1501,646713562959000000,neg
1502,646713564049000000,neg
1503,646713567329000000,pos
1504,646713568520000000,pos
1505,646713570013000000,pos
1506,646713571117000000,pos
1507,646713571360000000,pos
1508,646713571314000000,pos
1509,646713571620000000,pos
1510,646713575558000000,pos
1511,646713578247000000,neg
1512,646713579421000000,pos
1513,646713580046000000,pos
1514,646713580994000000,pos
1515,646713585616000000,pos
1516,646713587646000000,pos
1517,646713593380000000,pos
1518,646713593917000000,pos
1519,646713598229000000,pos
1520,646713598409000000,pos
1521,646713600347000000,pos
1522,646713601500000000,pos
1523,646713600645000000,neg
1524,646713601701000000,pos
1525,646713603430000000,pos
1526,646713603568000000,pos
1527,646713608295000000,pos
1528,646713608752000000,pos
1529,646713609113000000,pos
1530,646713611403000000,pos
1531,646713613911000000,pos
1532,646713614377000000,pos
1533,646713617128000000,pos
1534,646713617736000000,pos
1535,646713619116000000,pos
1536,646713620350000000,pos
1537,646713621964000000,neg
1538,646713632261000000,pos
1539,646713633373000000,neg
1540,646713638016000000,neg
1541,646713643078000000,pos
1542,646713644219000000,neg
1543,646713645914000000,pos
1544,646713648577000000,pos
1545,646713650322000000,pos
1546,646713652407000000,pos
1547,646713656064000000,pos
1548,646713660283000000,neg
1549,646713664524000000,neg
1550,646713670534000000,neg
1551,646713671470000000,pos
1552,646713671822000000,pos
1553,646713673693000000,neg
1554,646713673923000000,pos
1555,646713674758000000,pos
1556,646713676134000000,neg
1557,646713677828000000,pos
1558,646713679053000000,pos
1559,646713680370000000,neg
1560,646713692898000000,pos
1561,646713693788000000,neg
1562,646713694500000000,pos
1563,646713695415000000,pos
1564,646713697814000000,pos
1565,646713698351000000,pos
1566,646713698481000000,pos
1567,646713701803000000,neg
1568,646713705129000000,pos
1569,646713706093000000,pos
1570,646713707826000000,pos
1571,646713708547000000,pos
1572,646713709705000000,pos
1573,646713710883000000,pos
1574,646713711102000000,pos
1575,646713712825000000,neg
1576,646713712825000000,pos
1577,646713713463000000,neg
1578,646713714629000000,pos
1579,646713716776000000,pos
1580,646713718702000000,pos
1581,646713720295000000,pos
1582,646713720367000000,pos
1583,646713722179000000,pos
1584,646713728973000000,pos
1585,646713730588000000,neg
1586,646713731847000000,pos
1587,646713732421000000,pos
1588,646713733512000000,neg
1589,646713734502000000,pos
1590,646713736137000000,pos
1591,646713738008000000,pos
1592,646713739652000000,pos
1593,646713742215000000,pos
1594,646713743163000000,neg
1595,646713744144000000,pos
1596,646713744648000000,pos
1597,646713748058000000,pos
1598,646713753305000000,pos
1599,646713753074000000,pos
1600,646713754261000000,neg
1601,646713758485000000,neg
1602,646713758929000000,neg
1603,646713759785000000,neg
1604,646713763664000000,pos
1605,646713766068000000,pos
1606,646713766374000000,pos
1607,646713777648000000,pos
1608,646713780824000000,neg
1609,646713784246000000,neg
1610,646713786079000000,pos
1611,646713786284000000,neg
1612,646713793121000000,neg
1613,646713793671000000,neg
1614,646713797961000000,pos
1615,646713798536000000,neg
1616,646713797798000000,pos
1617,646713799580000000,pos
1618,646713801514000000,pos
1619,646713804769000000,neg
1620,646713806153000000,pos
1621,646713812025000000,pos
1622,646713822901000000,pos
1623,646713825040000000,neg
1624,646713826080000000,neg
1625,646713831604000000,neg
1626,646713836452000000,neg
1627,646713854744000000,neg
1628,646713857235000000,neg
1629,646713862709000000,pos
1630,646713863636000000,pos
1631,646713867713000000,neg
1632,646713868950000000,pos
1633,646713873354000000,pos
1634,646713876122000000,pos
1635,646713884817000000,pos
1636,646713885530000000,pos
1637,646713885488000000,pos
1638,646713885908000000,neg
1639,646713887459000000,pos
1640,646713890416000000,pos
1641,646713892702000000,neg
1642,646713896247000000,neg
1643,646713897446000000,pos
1644,646713901674000000,neg
1645,646713901674000000,neg
1646,646713902538000000,neg
1647,646713902467000000,pos
1648,646713901624000000,pos
1649,646713905180000000,neg
1650,646713905403000000,neg
1651,646713906304000000,pos
1652,646713906560000000,pos
1653,646713908162000000,pos
1654,646713908288000000,pos
1655,646713908636000000,pos
1656,646713908976000000,neg
1657,646713911162000000,neg
1658,646713920271000000,pos
1659,646713922339000000,neg
1660,646713925439000000,pos
1661,646713925439000000,pos
1662,646713927406000000,neg
1663,646713927754000000,neg
1664,646713928387000000,neg
1665,646713934432000000,neg
1666,646713944183000000,pos
1667,646713944443000000,pos
1668,646713955906000000,pos
1669,646713957135000000,pos
1670,646713961745000000,neg
1671,646713963444000000,pos
1672,646713964689000000,neg
1673,646713976244000000,neg
1674,646713977213000000,pos
1675,646713977964000000,pos
1676,646713978266000000,neg
1677,646713978799000000,pos
1678,646713982746000000,pos
1679,646713986944000000,neg
1680,646713991361000000,pos
1681,646713992770000000,neg
1682,646713993865000000,pos
1683,646713993944000000,pos
1684,646713995287000000,neg
1685,646713995404000000,neg
1686,646713995903000000,neg
1687,646713996553000000,pos
1688,646713996654000000,neg
1689,646713998743000000,pos
1690,646714000131000000,pos
1691,646714003487000000,pos
1692,646714003403000000,pos
1693,646714004086000000,neg
1694,646714004917000000,pos
1695,646714008406000000,pos
1696,646714012768000000,pos
1697,646714011892000000,neg
1698,646714014484000000,pos
1699,646714015226000000,pos
1700,646714016766000000,pos
1701,646714017030000000,pos
1702,646714017059000000,pos
1703,646714018909000000,pos
1704,646714024878000000,neg
1705,646714025658000000,pos
1706,646714027977000000,pos
1707,646714030284000000,pos
1708,646714037616000000,pos
1709,646714041378000000,neg
1710,646714047770000000,neg
1711,646714050341000000,neg
1712,646714052514000000,pos
1713,646714053084000000,pos
1714,646714055018000000,pos
1715,646714055148000000,pos
1716,646714056368000000,pos
1717,646714058230000000,pos
1718,646714059002000000,pos
1719,646714063104000000,pos
1720,646714065235000000,pos
1721,646714069316000000,neg
1722,646714071531000000,neg
1723,646714072324000000,pos
1724,646714077180000000,pos
1725,646714083862000000,neg
1726,646714083841000000,pos
1727,646714084898000000,neg
1728,646714085544000000,pos
1729,646714083996000000,pos
1730,646714087918000000,pos
1731,646714097519000000,pos
1732,646714103940000000,neg
1733,646714107677000000,neg
1734,646714111461000000,neg
1735,646714112719000000,neg
1736,646714122802000000,pos
1737,646714123502000000,pos
1738,646714125763000000,neg
1739,646714129987000000,pos
1740,646714130591000000,pos
1741,646714131476000000,pos
1742,646714132138000000,neg
1743,646714131031000000,pos
1744,646714135125000000,pos
1745,646714135548000000,pos
1746,646714139390000000,neg
1747,646714141379000000,neg
1748,646714144629000000,pos
1749,646714150212000000,pos
1750,646714150195000000,pos
1751,646714151030000000,neg
1752,646714153794000000,pos
1753,646714153785000000,pos
1754,646714153630000000,pos
1755,646714155375000000,neg
1756,646714155820000000,neg
1757,646714161725000000,neg
1758,646714163789000000,pos
1759,646714165164000000,neg
1760,646714169367000000,neg
1761,646714171477000000,neg
1762,646714175902000000,pos
1763,646714184794000000,neg
1764,646714186404000000,pos
1765,646714191731000000,neg
1766,646714192696000000,pos
1767,646714193572000000,neg
1768,646714195913000000,pos
1769,646714197070000000,neg
1770,646714198274000000,neg
1771,646714199574000000,neg
1772,646714199688000000,pos
1773,646714204205000000,neg
1774,646714204830000000,pos
1775,646714209385000000,pos
1776,646714213332000000,pos
1777,646714228305000000,neg
1778,646714232206000000,pos
1779,646714233007000000,pos
1780,646714237411000000,neg
1781,646714238925000000,pos
1782,646714245435000000,neg
1783,646714252406000000,pos
1784,646714254960000000,neg
1785,646714257062000000,neg
1786,646714269812000000,pos
1787,646714275298000000,neg
1788,646714281493000000,neg
1789,646714283507000000,pos
1790,646714284106000000,pos
1791,646714285604000000,neg
1792,646714286074000000,pos
1793,646714289379000000,neg
1794,646714289567000000,pos
1795,646714290910000000,neg
1796,646714294785000000,neg
1797,646714295624000000,neg
1798,646714296765000000,pos
1799,646714302041000000,pos
1800,646714305023000000,neg
1801,646714307762000000,pos
1802,646714321327000000,pos
1803,646714332559000000,pos
1804,646714332521000000,pos
1805,646714332958000000,pos
1806,646714338809000000,pos
1807,646714341665000000,neg
1808,646714342307000000,pos
1809,646714343271000000,pos
1810,646714347554000000,pos
1811,646714353283000000,neg
1812,646714354231000000,neg
1813,646714357029000000,neg
1814,646714358790000000,neg
1815,646714366709000000,pos
1816,646714367640000000,neg
1817,646714369939000000,neg
1818,646714370509000000,neg
1819,646714371054000000,neg
1820,646714372560000000,pos
1821,646714374062000000,neg
1822,646714374511000000,pos
1823,646714374783000000,pos
1824,646714385290000000,neg
1825,646714388138000000,neg
1826,646714391393000000,neg
1827,646714395503000000,neg
1828,646714397277000000,neg
1829,646714401484000000,pos
1830,646714401836000000,pos
1831,646714403892000000,pos
1832,646714404391000000,pos
1833,646714410229000000,pos
1834,646714412033000000,neg
1835,646714416210000000,neg
1836,646714419356000000,pos
1837,646714420996000000,pos
1838,646714427883000000,neg
1839,646714428806000000,pos
1840,646714432748000000,neg
1841,646714434275000000,pos
1842,646714437492000000,neg
1843,646714442638000000,neg
1844,646714444111000000,pos
1845,646714445394000000,pos
1846,646714446262000000,pos
1847,646714452927000000,pos
1848,646714454836000000,pos
1849,646714457860000000,pos
1850,646714459441000000,pos
1851,646714460636000000,neg
1852,646714463874000000,pos
1853,646714467632000000,pos
1854,646714469272000000,pos
1855,646714482409000000,pos
1856,646714482979000000,pos
1857,646714485387000000,pos
1858,646714490546000000,pos
1859,646714497051000000,pos
1860,646714497722000000,neg
1861,646714499576000000,pos
1862,646714503661000000,neg
1863,646714504601000000,pos
1864,646714504479000000,pos
1865,646714506019000000,pos
1866,646714507168000000,pos
1867,646714507382000000,pos
1868,646714509064000000,pos
1869,646714511362000000,pos
1870,646714512491000000,neg
1871,646714517880000000,neg
1872,646714519218000000,pos
1873,646714524134000000,neg
1874,646714527582000000,pos
1875,646714530341000000,neg
1876,646714530425000000,neg
1877,646714531361000000,pos
1878,646714531344000000,pos
1879,646714531092000000,pos
1880,646714532015000000,neg
1881,646714532988000000,pos
1882,646714533026000000,neg
1883,646714532648000000,pos
1884,646714541851000000,neg
1885,646714544623000000,neg
1886,646714544833000000,pos
1887,646714554371000000,neg
1888,646714563770000000,neg
1889,646714566459000000,neg
1890,646714571131000000,neg
1891,646714575485000000,neg
1892,646714581671000000,pos
1893,646714588059000000,pos
1894,646714593701000000,pos
1895,646714596091000000,pos
1896,646714600990000000,neg
1897,646714604379000000,neg
1898,646714607781000000,pos
1899,646714615436000000,neg
1900,646714615742000000,neg
1901,646714617445000000,pos
1902,646714618791000000,neg
1903,646714620733000000,pos
1904,646714634583000000,neg
1905,646714641293000000,pos
1906,646714646159000000,neg
1907,646714646276000000,pos
1908,646714647216000000,neg
1909,646714658196000000,pos
1910,646714660294000000,neg
1911,646714660298000000,neg
1912,646714660315000000,neg
1913,646714660302000000,neg
1914,646714660352000000,neg
1915,646714660310000000,neg
1916,646714660319000000,neg
1917,646714663888000000,neg
1918,646714663884000000,neg
1919,646714664001000000,pos
1920,646714665444000000,neg
1921,646714666099000000,pos
1922,646714672163000000,pos
1923,646714676190000000,neg
1924,646714688219000000,neg
1925,646714695354000000,neg
1926,646714695790000000,pos
1927,646714700118000000,neg
1928,646714701310000000,neg
1929,646714704569000000,neg
1930,646714705093000000,pos
1931,646714720650000000,pos
1932,646714723376000000,pos
1933,646714729739000000,neg
1934,646714732331000000,pos
1935,646714738257000000,pos
1936,646714739402000000,pos
1937,646714738937000000,pos
1938,646714742854000000,neg
1939,646714747657000000,neg
1940,646714747619000000,pos
1941,646714749200000000,pos
1942,646714754061000000,pos
1943,646714757077000000,pos
1944,646714758138000000,pos
1945,646714759220000000,neg
1946,646714762521000000,pos
1947,646714772382000000,pos
1948,646714774186000000,pos
1949,646714779798000000,pos
1950,646714780075000000,pos
1951,646714780137000000,neg
1952,646714783912000000,neg
1953,646714783984000000,pos
1954,646714787217000000,pos
1955,646714789096000000,neg
1956,646714790141000000,pos
1957,646714798546000000,neg
1958,646714802611000000,neg
1959,646714805022000000,pos
1960,646714805849000000,pos
1961,646714810047000000,pos
1962,646714824022000000,pos
1963,646714826463000000,pos
1964,646714827122000000,pos
1965,646714830054000000,neg
1966,646714834697000000,pos
1967,646714841664000000,pos
1968,646714849100000000,pos
1969,646714849813000000,pos
1970,646714857048000000,pos
1971,646714859196000000,pos
1972,646714864598000000,neg
1973,646714865571000000,neg
1974,646714867018000000,neg
1975,646714872114000000,pos
1976,646714873322000000,pos
1977,646714874476000000,neg
1978,646714880998000000,pos
1979,646714883930000000,pos
1980,646714886870000000,pos
1981,646714889491000000,neg
1982,646714897335000000,pos
1983,646714900443000000,neg
1984,646714908794000000,pos
1985,646714908684000000,pos
1986,646714911075000000,pos
1987,646714912325000000,pos
1988,646714916960000000,neg
1989,646714921901000000,pos
1990,646714923654000000,neg
1991,646714930985000000,pos
1992,646714931782000000,pos
1993,646714935788000000,neg
1994,646714935872000000,neg
1995,646714936073000000,neg
1996,646714938149000000,pos
1997,646714942562000000,pos
1998,646714947029000000,pos
1999,646714947763000000,neg
2000,646714950569000000,neg
2001,646714950627000000,neg
2002,646714951336000000,neg
2003,646714954092000000,neg
2004,646714954998000000,pos
2005,646714955195000000,pos
2006,646714955312000000,pos
2007,646714960358000000,neg
2008,646714971993000000,pos
2009,646714977161000000,pos
2010,646714980881000000,pos
2011,646714981447000000,neg
2012,646714981502000000,pos
2013,646714984568000000,pos
2014,646714991706000000,pos
2015,646714998677000000,pos
2016,646715019989000000,pos
2017,646715023319000000,pos
2018,646715025492000000,pos
2019,646715028289000000,pos
2020,646715036418000000,pos
2021,646715037072000000,pos
2022,646715044232000000,pos
2023,646715049068000000,pos
2024,646715049680000000,pos
2025,646715049961000000,neg
2026,646715054902000000,pos
2027,646715055372000000,neg
2028,646715061319000000,neg
2029,646715062548000000,pos
2030,646715069075000000,neg
2031,646715069918000000,neg
2032,646715071868000000,pos
2033,646715083914000000,pos
2034,646715099093000000,neg
2035,646715101652000000,pos
2036,646715101513000000,neg
2037,646715104151000000,neg
2038,646715105968000000,neg
2039,646715114931000000,neg
2040,646715115271000000,neg
2041,646715115443000000,neg
2042,646715117275000000,pos
2043,646715117594000000,neg
2044,646715118962000000,neg
2045,646715120392000000,neg
2046,646715121805000000,pos
2047,646715124892000000,neg
2048,646715127673000000,neg
2049,646715127866000000,pos
2050,646715137694000000,pos
2051,646715139191000000,pos
2052,646715144983000000,pos
2053,646715146342000000,neg
2054,646715148443000000,neg
2055,646715148670000000,pos
2056,646715148582000000,neg
2057,646715154118000000,pos
2058,646715155779000000,neg
2059,646715159885000000,pos
2060,646715161396000000,neg
2061,646715162847000000,pos
2062,646715162847000000,pos
2063,646715166307000000,pos
2064,646715170417000000,neg
2065,646715175090000000,pos
2066,646715178982000000,pos
2067,646715180169000000,pos
2068,646715180995000000,pos
2069,646715181943000000,pos
2070,646715182866000000,pos
2071,646715183659000000,pos
2072,646715186096000000,pos
2073,646715187719000000,pos
2074,646715187681000000,neg
2075,646715189304000000,pos
2076,646715190621000000,neg
2077,646715193033000000,pos
2078,646715195336000000,pos
2079,646715199090000000,pos
2080,646715203196000000,pos
2081,646715204219000000,pos
2082,646715205478000000,neg
2083,646715206220000000,pos
2084,646715206392000000,pos
2085,646715207008000000,neg
2086,646715207361000000,pos
2087,646715208695000000,pos
2088,646715209995000000,neg
2089,646715210905000000,pos
2090,646715216202000000,pos
2091,646715216056000000,pos
2092,646715216907000000,neg
2093,646715217222000000,pos
2094,646715218996000000,pos
2095,646715220275000000,neg
2096,646715225258000000,pos
2097,646715228165000000,pos
2098,646715231973000000,pos
2099,646715238218000000,pos
2100,646715240223000000,neg
2101,646715241666000000,pos
2102,646715243205000000,pos
2103,646715255201000000,neg
2104,646715260469000000,neg
2105,646715265242000000,neg
2106,646715267272000000,pos
2107,646715268967000000,neg
2108,646715271945000000,neg
2109,646715272146000000,neg
2110,646715272196000000,pos
2111,646715272792000000,pos
2112,646715277099000000,neg
2113,646715278119000000,pos
2114,646715277926000000,pos
2115,646715278177000000,neg
2116,646715284586000000,pos
2117,646715284834000000,neg
2118,646715285371000000,pos
2119,646715286222000000,neg
2120,646715286403000000,neg
2121,646715286767000000,pos
2122,646715286839000000,neg
2123,646715287149000000,neg
2124,646715287871000000,pos
2125,646715288764000000,pos
2126,646715288927000000,pos
2127,646715289859000000,neg
2128,646715290597000000,neg
2129,646715292136000000,neg
2130,646715293893000000,neg
2131,646715293763000000,neg
2132,646715294183000000,neg
2133,646715295043000000,neg
2134,646715295185000000,neg
2135,646715296079000000,pos
2136,646715296930000000,neg
2137,646715297308000000,pos
2138,646715297501000000,neg
2139,646715299149000000,neg
2140,646715299317000000,neg
2141,646715300558000000,pos
2142,646715301510000000,neg
2143,646715303377000000,pos
2144,646715307517000000,pos
2145,646715309865000000,neg
2146,646715313926000000,neg
2147,646715315561000000,pos
2148,646715315985000000,pos
2149,646715318489000000,pos
2150,646715319516000000,pos
2151,646715319084000000,pos
2152,646715328417000000,neg
2153,646715333245000000,pos
2154,646715335971000000,neg
2155,646715338475000000,neg
2156,646715342384000000,pos
2157,646715345223000000,neg
2158,646715345773000000,pos
2159,646715349036000000,neg
2160,646715350328000000,neg
2161,646715350995000000,pos
2162,646715351435000000,pos
2163,646715353746000000,pos
2164,646715359543000000,neg
2165,646715364836000000,neg
2166,646715366769000000,neg
2167,646715374126000000,pos
2168,646715374734000000,neg
2169,646715375213000000,neg
2170,646715377985000000,neg
2171,646715383576000000,pos
2172,646715391579000000,pos
2173,646715392502000000,pos
2174,646715396465000000,neg
2175,646715399590000000,pos
2176,646715400395000000,pos
2177,646715400638000000,pos
2178,646715406632000000,pos
2179,646715407463000000,neg
2180,646715412433000000,neg
2181,646715415876000000,pos
2182,646715418884000000,pos
2183,646715421006000000,pos
2184,646715429600000000,neg
2185,646715432251000000,pos
2186,646715432591000000,neg
2187,646715434151000000,pos
2188,646715437548000000,pos
2189,646715440224000000,pos
2190,646715440577000000,neg
2191,646715441311000000,pos
2192,646715445744000000,pos
2193,646715447237000000,pos
2194,646715450341000000,neg
2195,646715456842000000,neg
2196,646715458302000000,neg
2197,646715462131000000,pos
2198,646715462098000000,pos
2199,646715462194000000,pos
2200,646715465810000000,pos
2201,646715465747000000,pos
2202,646715470830000000,pos
2203,646715470901000000,pos
2204,646715473645000000,pos
2205,646715476190000000,pos
2206,646715480452000000,neg
2207,646715483065000000,neg
2208,646715484747000000,pos
2209,646715493727000000,neg
2210,646715498181000000,pos
2211,646715499746000000,neg
2212,646715501625000000,pos
2213,646715507253000000,pos
2214,646715508839000000,pos
2215,646715510332000000,neg
2216,646715510592000000,pos
2217,646715512509000000,neg
2218,646715514300000000,pos
2219,646715514686000000,neg
2220,646715514765000000,pos
2221,646715519446000000,neg
2222,646715522210000000,pos
2223,646715529169000000,neg
2224,646715530620000000,neg
2225,646715532134000000,pos
2226,646715533879000000,pos
2227,646715536601000000,neg
2228,646715536484000000,pos
2229,646715541970000000,pos
2230,646715547146000000,pos
2231,646715548844000000,neg
2232,646715552695000000,neg
2233,646715561033000000,pos
2234,646715563600000000,pos
2235,646715569468000000,pos
2236,646715583934000000,pos
2237,646715586337000000,pos
2238,646715588644000000,neg
2239,646715590242000000,neg
2240,646715590880000000,neg
2241,646715597767000000,neg
2242,646715606604000000,neg
2243,646715619875000000,pos
2244,646715620080000000,pos
2245,646715620798000000,neg
2246,646715623423000000,neg
2247,646715626846000000,pos
2248,646715626791000000,pos
2249,646715627777000000,pos
2250,646715635272000000,pos
2251,646715635981000000,neg
2252,646715636841000000,pos
2253,646715641870000000,pos
2254,646715643564000000,neg
2255,646715645204000000,neg
